<?xml version="1.0" encoding="UTF-8"?>
<!DOCTYPE mapper PUBLIC "-//mybatis.org//DTD Mapper 3.0//EN" 
"http://mybatis.org/dtd/mybatis-3-mapper.dtd">



<mapper namespace="easyway.mapper.NoticeMapper">
	<cache />

	<insert parameterType="noticeInsert" id="Notice">insert into "OF_BOARD"(OB_ID,
		EMPLOYEE_ID, OB_TITLE, OB_CONTENT, OB_DATE, OB_VIEW,
		ob_file_path)values(of_board_ob_id.nextval, #{EMPLOYEE_ID}, #{ob_title},
		 #{ob_content}, sysdate, 0, #{ob_file_path}) </insert>



	<select parameterType="search" id="officeList"
		resultType="Notice">
		select * from of_board

	
		<if test="area != null">


		
			<where>

				<!-- where (title LIKE %홍길동% OR writer LIKE %홍길동%) -->


				<foreach close=")" open="(" separator="OR" item="item"
					collection="area">${item} LIKE #{searchKey} </foreach>

			</where>

		</if>
		order by ob_id desc
	</select>

	<select parameterType="int" id="detailNotice"
		resultType="Notice">select *from of_board where ob_id = #{ob_id} </select>

	<update parameterType="Notice" id="updateNotice">update of_board set
		ob_title=#{ob_title}, ob_content=#{ob_content}where ob_id=#{ob_id}
	</update>

	<delete parameterType="Notice" id="deleteNotice">
	delete from of_board where	ob_id = #{ob_id} </delete>


	<update parameterType="int" id="hitCountContent">
	update of_board set ob_view = 	ob_view + 1 where ob_id = #{ob_id} </update>

	<select parameterType="Search" id="countNotice" resultType="int">
		select count(*) from of_board


	
		<if test="area != null">


		
			<where>

				<!-- where (title LIKE %홍길동% OR writer LIKE %홍길동%) -->


				<foreach close=")" open="(" separator="OR" item="item"
					collection="area">${item} LIKE #{searchKey} </foreach>

			</where>

		</if>

	</select>

	<!-- <insert parameterType="Reply" id="insertReply">insert into replyvalues(reply_seq.nextval, 
		#{r_title},#{r_writer},#{r_contents}, sysdate, #{seq}) </insert> -->
	<!-- 댓글 목록 출력 -->


	<!-- <select parameterType="int" id="listReply" resultType="Reply">select 
		* from reply where seq = #{seq} </select> -->

	<!-- 조회수 증가 -->



</mapper>