<?xml version="1.0" encoding="UTF-8"?>
<!DOCTYPE configuration
  PUBLIC "-//mybatis.org//DTD Config 3.0//EN"
  "http://mybatis.org/dtd/mybatis-3-config.dtd">

<configuration>
 	<typeAliases>
		<typeAlias type="easyway.model.notice.Notice" alias="Notice"/>
			<typeAlias type="easyway.model.notice.Search" alias="Search"/>
	</typeAliases> 
	
	<environments default="development">
		<environment id="development">
			<transactionManager type="JDBC"/>
			<dataSource type="JNDI">
				<property name="data_source" value="java:comp/env/jdbc/oracle"/>
			</dataSource>
		</environment>		
	</environments>
	
	<mappers>
		<mapper resource="easyway/mapper/Notice.xml"/> 
	</mappers>
	
</configuration>
